{
    "display": {
      "icon": {
        "item": "create:copper_backtank"
      },
      "title": "AIR",
      "description": "Obtain a copper backtank"
    },
    "parent": "cg:windmil",
    "criteria": {
      "requirement": {
        "trigger": "minecraft:inventory_changed",
        "conditions": {
          "items": [
            {
              "items": [
                "create:copper_backtank"
              ]
            }
          ]
        }
      }
    }
  }
  