{
    "display": {
      "icon": {
        "item": "create:goggles"
      },
      "title": "Time to create!!",
      "description": "Obtain the mechanics goggles"
    },
    "parent": "cg:zinc",
    "criteria": {
      "requirement": {
        "trigger": "minecraft:inventory_changed",
        "conditions": {
          "player": {},
          "items": [
            {
              "items": [
                "create:goggles"
              ]
            }
          ]
        }
      }
    }
  }