{
    "display": {
      "icon": {
        "item": "create:windmill_bearing"
      },
      "title": "Why would you need this",
      "description": "Obtain a windmil bearing the worst possible way to generate energy"
    },
    "parent": "cg:goggles",
    "criteria": {
      "requirement": {
        "trigger": "minecraft:inventory_changed",
        "conditions": {
          "items": [
            {
              "items": [
                "create:windmill_bearing"
              ]
            }
          ]
        }
      }
    }
  }
  