{
  "type": "minecraft:block",
  "pools": [
    {
      "rolls": 1,
      "entries": [
        {
          "type": "minecraft:item",
          "name": "minecraft:redstone",
          "weight": 85
        },
        {
          "type": "minecraft:item",
          "name": "minecraft:coal",
          "weight": 90
        },
        {
          "type": "minecraft:item",
          "name": "minecraft:gravel",
          "weight": 85
        },
        {
          "type": "minecraft:item",
          "name": "minecraft:raw_gold",
          "weight": 85
        },
        {
          "type": "minecraft:item",
          "name": "minecraft:andesite",
          "weight": 90
        },
        {
          "type": "minecraft:item",
          "name": "minecraft:raw_iron",
          "weight": 80
        },
        {
          "type": "minecraft:item",
          "name": "minecraft:raw_copper",
          "weight": 87
        },
        {
          "type": "minecraft:item",
          "name": "minecraft:diamond",
          "weight": 15
        },
        {
          "type": "minecraft:item",
          "name": "minecraft:netherite_scrap",
          "weight": 5
        },
        {
          "type": "minecraft:item",
          "name": "minecraft:emerald",
          "weight": 20
        },
        {
          "type": "minecraft:item",
          "name": "minecraft:air",
          "weight": 90
        },
        {
          "type": "minecraft:item",
          "name": "create:raw_zinc",
          "weight": 86
        }
      ],
      "conditions": [
        {
          "condition": "minecraft:random_chance",
          "chance": 0.7
        }
      ]
    },
    {
      "rolls": 1,
      "entries": [
        {
          "type": "minecraft:item",
          "name": "minecraft:cobblestone"
        }
      ]
    }
  ]
}
