{
    "display": {
      "icon": {
        "item": "minecraft:cobblestone"
      },
      "title": "Cobble generator",
      "description": "Collect cobble stone from a cobble generator",
      "background": "minecraft:textures/block/stone.png",
      "frame": "goal"
    },
    "criteria": {
      "requirement": {
        "trigger": "minecraft:inventory_changed",
        "conditions": {
          "player": {},
          "items": [
            {
              "items": [
                "minecraft:cobblestone"
              ]
            }
          ]
        }
      }
    }
  }